Interval Number,Sadness,Joy,Love,Anger,Fear,Surprise,Positive,Negative
0,0.23741002,0.37786707,0.004077159,0.2747436,0.06405505,0.041847117,0.25731989145278933,0.7426801085472107
1,0.2572057,0.1457463,0.0023221476,0.30233923,0.22906832,0.063318335,0.00509225328763326,0.9949077467123667
2,0.24894226,0.28254703,0.0016828115,0.30907896,0.09432307,0.06342586,0.07261619592706363,0.9273838040729364
3,0.26552674,0.20098291,0.03479648,0.3151805,0.11771241,0.06580093,0.16386766566170585,0.8361323343382941
4,0.15750295,0.36942875,0.002095144,0.20450188,0.15369518,0.11277604,0.276649850110213,0.7233501498897871
5,0.21654363,0.24102494,0.0024295466,0.30562982,0.16215171,0.0722204,0.17000099851025474,0.8299990014897453
6,0.17212777,0.2979227,0.0033330873,0.302128,0.13992554,0.08456289,0.1673132206002871,0.8326867793997129
7,0.32290033,0.28146484,0.061668117,0.2267031,0.052727554,0.05453603,0.2036111056804657,0.7963888943195343
8,0.29610378,0.1818184,0.002822876,0.28048742,0.16508324,0.07368429,0.23613347013791403,0.763866529862086
9,0.21378465,0.39867422,0.02453386,0.18634361,0.084074944,0.09258869,0.29404671159055495,0.705953288409445
10,0.26741073,0.34902436,0.0033763954,0.23887688,0.08346098,0.05785064,0.12735325429174635,0.8726467457082536
11,0.20320469,0.2804052,0.0026379009,0.3169494,0.13397986,0.06282297,0.19010599785380894,0.8098940021461911
12,0.14554767,0.3590796,0.002521158,0.32172137,0.12030045,0.050829716,0.3280892339017656,0.6719107660982344
13,0.2408211,0.25967482,0.00194722,0.31068003,0.07290949,0.113967314,0.21107328600353664,0.7889267139964633
14,0.1787876,0.24353437,0.00250217,0.41000912,0.097780734,0.06738601,0.08938055733839671,0.9106194426616033
15,0.22010437,0.28393447,0.0020334842,0.30925474,0.08027159,0.10440137,0.2845067083835602,0.7154932916164398
16,0.21083109,0.29098624,0.0020580178,0.26767594,0.15264598,0.07580269,0.22383893926938375,0.7761610607306163
17,0.15531929,0.23262072,0.0023987566,0.28168854,0.18056248,0.14741018,0.2956168328722318,0.7043831671277682
18,0.20077823,0.20930609,0.004593642,0.26091394,0.19402507,0.13038301,0.16767771707640755,0.8323222829235924
19,0.22400276,0.26512897,0.002629163,0.28767097,0.14173706,0.07883106,0.11849208507272932,0.8815079149272707
20,0.21084686,0.2400545,0.07374313,0.32890946,0.06564511,0.08080092,0.18038895726203918,0.8196110427379608
21,0.14760412,0.47017848,0.00220331,0.2089014,0.06383977,0.107272916,0.4177173599600792,0.5822826400399208
22,0.30284545,0.29770297,0.0021228527,0.245782,0.075275145,0.07627159,0.10632482667764027,0.8936751733223597
23,0.14931482,0.36590323,0.0035249188,0.1453506,0.2654151,0.070491284,0.31722040971120197,0.682779590288798
24,0.16466928,0.40747967,0.0030293798,0.28177708,0.076657355,0.06638723,0.25457440813382465,0.7454255918661753
